ts_code,name,strategy,close,pct_chg,vol_ratio,patterns,position_ratio,reason
002232.SZ,启明信息,★低位强攻,20.27,5.683,2.06,倍量+高量,0.24,"底部放量,涨幅5.7%"
002068.SZ,黑猫股份,★低位强攻,9.72,5.6522,1.8,倍量+高量,0.25,"底部放量,涨幅5.7%"
600997.SH,开滦股份,★低位强攻,6.18,5.4608,1.79,倍量+高量,0.28,"底部放量,涨幅5.5%"
600123.SH,兰花科创,★低位强攻,6.2,4.9069,1.64,梯量+高量,0.28,"底部放量,涨幅4.9%"
603072.SH,天和磁材,★低位强攻,45.99,4.8803,1.94,倍量+高量,0.33,"底部放量,涨幅4.9%"
000995.SZ,皇台酒业,★低位强攻,13.16,4.8606,2.2,倍量+高量,0.31,"底部放量,涨幅4.9%"
601618.SH,中国中冶,★低位强攻,3.3,4.7619,2.14,倍量+高量,0.29,"底部放量,涨幅4.8%"
000552.SZ,甘肃能化,★低位强攻,2.49,4.6218,1.57,倍量+高量,0.4,"底部放量,涨幅4.6%"
600508.SH,上海能源,★低位强攻,12.74,4.4262,1.88,倍量+高量,0.32,"底部放量,涨幅4.4%"
600429.SH,三元股份,★低位强攻,5.45,4.2065,1.7,倍量+高量,0.34,"底部放量,涨幅4.2%"
600971.SH,恒源煤电,★低位强攻,6.72,4.0248,1.62,高量,0.36,"底部放量,涨幅4.0%"
002715.SZ,登云股份,★低位强攻,17.68,3.8168,1.94,倍量+梯量+高量,0.17,"底部放量,涨幅3.8%"
000723.SZ,美锦能源,★低位强攻,5.02,3.719,1.54,梯量+高量,0.38,"底部放量,涨幅3.7%"
000937.SZ,冀中能源,★低位强攻,5.64,3.4862,1.56,高量,0.36,"底部放量,涨幅3.5%"
600395.SH,盘江股份,★低位强攻,4.91,3.3684,1.61,高量,0.3,"底部放量,涨幅3.4%"
002575.SZ,群兴玩具,★低位强攻,7.11,3.193,1.9,梯量+高量,0.31,"底部放量,涨幅3.2%"
002982.SZ,湘佳股份,★低位强攻,14.32,2.5054,1.83,梯量+高量,0.25,"底部放量,涨幅2.5%"
600649.SH,城投控股,☆缩量洗盘,5.1,3.2389,0.67,缩量,0.62,"上升趋势中缩量回调,支撑有效"
600641.SH,先导基电,☆缩量洗盘,19.65,3.0955,0.85,缩量,0.56,"上升趋势中缩量回调,支撑有效"
600691.SH,潞化科技,☆缩量洗盘,3.25,2.8481,0.93,,0.65,"上升趋势中缩量回调,支撑有效"
600281.SH,华阳新材,☆缩量洗盘,6.54,2.8302,1.02,连续缩量,0.48,"上升趋势中缩量回调,支撑有效"
600010.SH,包钢股份,☆缩量洗盘,2.6,2.3622,1.04,,0.43,"上升趋势中缩量回调,支撑有效"
601163.SH,三角轮胎,☆缩量洗盘,15.72,2.0779,1.01,,0.62,"上升趋势中缩量回调,支撑有效"
600610.SH,中毅达,☆缩量洗盘,11.76,1.9948,0.84,缩量,0.46,"上升趋势中缩量回调,支撑有效"
600848.SH,上海临港,☆缩量洗盘,11.95,1.9625,0.99,连续缩量+平量,0.57,"上升趋势中缩量回调,支撑有效"
600370.SH,三房巷,☆缩量洗盘,2.7,1.8868,0.81,缩量,0.64,"上升趋势中缩量回调,支撑有效"
000501.SZ,武商集团,☆缩量洗盘,10.52,1.8393,0.79,缩量,0.37,"上升趋势中缩量回调,支撑有效"
002707.SZ,众信旅游,☆缩量洗盘,7.9,1.8041,0.79,连续缩量+地量+缩量,0.5,"上升趋势中缩量回调,支撑有效"
000932.SZ,华菱钢铁,☆缩量洗盘,6.25,1.7915,0.92,连续缩量+平量,0.61,"上升趋势中缩量回调,支撑有效"
002187.SZ,广百股份,☆缩量洗盘,8.2,1.737,0.71,连续缩量+地量+缩量,0.55,"上升趋势中缩量回调,支撑有效"
000560.SZ,我爱我家,☆缩量洗盘,3.03,1.6779,0.9,平量+缩量,0.4,"上升趋势中缩量回调,支撑有效"
605006.SH,山东玻纤,☆缩量洗盘,7.96,1.6603,0.89,缩量,0.52,"上升趋势中缩量回调,支撑有效"
003038.SZ,鑫铂股份,☆缩量洗盘,17.98,1.5819,1.03,平量,0.48,"上升趋势中缩量回调,支撑有效"
601003.SH,柳钢股份,☆缩量洗盘,5.29,1.5355,1.0,梯量,0.31,"上升趋势中缩量回调,支撑有效"
002688.SZ,金河生物,☆缩量洗盘,6.8,1.4925,1.02,连续缩量,0.45,"上升趋势中缩量回调,支撑有效"
605589.SH,圣泉集团,☆缩量洗盘,30.8,1.4493,0.94,,0.56,"上升趋势中缩量回调,支撑有效"
603801.SH,志邦家居,☆缩量洗盘,9.77,1.2435,1.02,梯量,0.52,"上升趋势中缩量回调,支撑有效"
600101.SH,明星电力,☆缩量洗盘,10.01,1.2133,0.88,连续缩量+地量+缩量,0.55,"上升趋势中缩量回调,支撑有效"
600390.SH,五矿资本,☆缩量洗盘,5.93,1.1945,0.82,平量+缩量,0.46,"上升趋势中缩量回调,支撑有效"
600054.SH,黄山旅游,☆缩量洗盘,11.89,1.1915,0.94,,0.36,"上升趋势中缩量回调,支撑有效"
600505.SH,西昌电力,☆缩量洗盘,13.88,1.1662,0.91,平量,0.59,"上升趋势中缩量回调,支撑有效"
603733.SH,仙鹤股份,☆缩量洗盘,24.03,1.1364,0.91,连续缩量+平量,0.46,"上升趋势中缩量回调,支撑有效"
002125.SZ,湘潭电化,☆缩量洗盘,15.16,1.1341,0.97,,0.59,"上升趋势中缩量回调,支撑有效"
601567.SH,三星医疗,☆缩量洗盘,25.08,1.129,0.87,连续缩量+缩量,0.42,"上升趋势中缩量回调,支撑有效"
600731.SH,湖南海利,☆缩量洗盘,7.55,1.071,0.79,连续缩量+地量+缩量,0.51,"上升趋势中缩量回调,支撑有效"
002333.SZ,罗普斯金,☆缩量洗盘,6.18,0.9804,0.98,,0.59,"上升趋势中缩量回调,支撑有效"
603071.SH,物产环能,☆缩量洗盘,13.71,0.9573,0.8,连续缩量+缩量,0.45,"上升趋势中缩量回调,支撑有效"
000546.SZ,金圆股份,☆缩量洗盘,6.67,0.9077,0.92,连续缩量+平量,0.54,"上升趋势中缩量回调,支撑有效"
603110.SH,东方材料,☆缩量洗盘,17.17,0.8221,0.91,,0.41,"上升趋势中缩量回调,支撑有效"
002557.SZ,洽洽食品,☆缩量洗盘,22.82,0.7951,0.92,,0.59,"上升趋势中缩量回调,支撑有效"
600418.SH,江淮汽车,☆缩量洗盘,53.3,0.7561,1.01,,0.59,"上升趋势中缩量回调,支撑有效"
000407.SZ,胜利股份,☆缩量洗盘,5.4,0.7463,0.68,连续缩量+地量+缩量,0.61,"上升趋势中缩量回调,支撑有效"
600790.SH,轻纺城,☆缩量洗盘,4.07,0.7426,0.9,连续缩量+地量+平量+缩量,0.64,"上升趋势中缩量回调,支撑有效"
000027.SZ,深圳能源,☆缩量洗盘,6.85,0.7353,1.0,连续缩量+平量,0.36,"上升趋势中缩量回调,支撑有效"
000685.SZ,中山公用,☆缩量洗盘,12.44,0.7287,0.73,连续缩量+地量+缩量,0.56,"上升趋势中缩量回调,支撑有效"
600158.SH,中体产业,☆缩量洗盘,9.0,0.6711,0.46,连续缩量+地量+缩量,0.36,"上升趋势中缩量回调,支撑有效"
002727.SZ,一心堂,☆缩量洗盘,14.09,0.6429,0.99,平量,0.51,"上升趋势中缩量回调,支撑有效"
000785.SZ,居然智家,☆缩量洗盘,3.16,0.6369,0.73,连续缩量+地量+缩量,0.4,"上升趋势中缩量回调,支撑有效"
600644.SH,乐山电力,☆缩量洗盘,11.13,0.6329,0.68,连续缩量+地量+缩量,0.28,"上升趋势中缩量回调,支撑有效"
002463.SZ,沪电股份,☆缩量洗盘,72.03,0.6146,0.91,平量,0.64,"上升趋势中缩量回调,支撑有效"
603181.SH,皇马科技,☆缩量洗盘,16.4,0.6135,0.81,连续缩量+地量+缩量,0.41,"上升趋势中缩量回调,支撑有效"
002223.SZ,鱼跃医疗,☆缩量洗盘,41.5,0.6061,1.02,连续缩量,0.59,"上升趋势中缩量回调,支撑有效"
603688.SH,石英股份,☆缩量洗盘,40.71,0.5682,0.74,连续缩量+缩量,0.63,"上升趋势中缩量回调,支撑有效"
002741.SZ,光华科技,☆缩量洗盘,22.33,0.5403,0.71,连续缩量+地量+缩量,0.49,"上升趋势中缩量回调,支撑有效"
002133.SZ,广宇集团,☆缩量洗盘,3.75,0.5362,0.85,连续缩量+地量+平量+缩量,0.64,"上升趋势中缩量回调,支撑有效"
002952.SZ,亚世光电,☆缩量洗盘,21.59,0.5121,1.05,平量,0.57,"上升趋势中缩量回调,支撑有效"
000409.SZ,云鼎科技,☆缩量洗盘,12.01,0.5021,0.95,平量,0.38,"上升趋势中缩量回调,支撑有效"
000966.SZ,长源电力,☆缩量洗盘,4.51,0.4454,0.76,连续缩量+地量+缩量,0.45,"上升趋势中缩量回调,支撑有效"
600710.SH,苏美达,☆缩量洗盘,11.32,0.4437,0.79,连续缩量+地量+缩量,0.64,"上升趋势中缩量回调,支撑有效"
002562.SZ,兄弟科技,☆缩量洗盘,6.93,0.4348,0.71,连续缩量+地量+缩量,0.51,"上升趋势中缩量回调,支撑有效"
002415.SZ,海康威视,☆缩量洗盘,32.03,0.4075,0.81,缩量,0.59,"上升趋势中缩量回调,支撑有效"
601811.SH,新华文轩,☆缩量洗盘,15.23,0.3955,0.79,连续缩量+缩量,0.55,"上升趋势中缩量回调,支撑有效"
600179.SH,安通控股,☆缩量洗盘,5.13,0.3914,0.93,,0.59,"上升趋势中缩量回调,支撑有效"
002818.SZ,富森美,☆缩量洗盘,11.61,0.3457,0.45,连续缩量+缩量,0.47,"上升趋势中缩量回调,支撑有效"
000767.SZ,晋控电力,☆缩量洗盘,3.02,0.3322,0.92,地量,0.63,"上升趋势中缩量回调,支撑有效"
002157.SZ,正邦科技,☆缩量洗盘,3.32,0.3021,0.82,连续缩量+地量+缩量,0.46,"上升趋势中缩量回调,支撑有效"
002081.SZ,金螳螂,☆缩量洗盘,3.67,0.2732,0.85,连续缩量+地量+缩量,0.63,"上升趋势中缩量回调,支撑有效"
603276.SH,恒兴新材,☆缩量洗盘,18.44,0.2719,0.85,连续缩量+地量+平量+缩量,0.64,"上升趋势中缩量回调,支撑有效"
601099.SH,太平洋,☆缩量洗盘,4.28,0.2342,0.89,连续缩量+缩量,0.25,"上升趋势中缩量回调,支撑有效"
601311.SH,骆驼股份,☆缩量洗盘,9.62,0.2083,0.76,连续缩量+缩量,0.27,"上升趋势中缩量回调,支撑有效"
002344.SZ,海宁皮城,☆缩量洗盘,4.96,0.202,0.82,连续缩量+地量+缩量,0.63,"上升趋势中缩量回调,支撑有效"
600650.SH,锦江在线,☆缩量洗盘,15.89,0.1892,0.6,连续缩量+地量+缩量,0.48,"上升趋势中缩量回调,支撑有效"
002942.SZ,新农股份,☆缩量洗盘,21.64,0.1852,0.77,地量+缩量,0.42,"上升趋势中缩量回调,支撑有效"
600279.SH,重庆港,☆缩量洗盘,5.55,0.1805,1.02,平量,0.42,"上升趋势中缩量回调,支撑有效"
605099.SH,共创草坪,☆缩量洗盘,39.14,0.1792,0.54,连续缩量+地量+缩量,0.56,"上升趋势中缩量回调,支撑有效"
000910.SZ,大亚圣象,☆缩量洗盘,7.74,0.1294,0.48,地量+缩量,0.37,"上升趋势中缩量回调,支撑有效"
600757.SH,长江传媒,☆缩量洗盘,9.01,0.1111,0.77,连续缩量+缩量,0.5,"上升趋势中缩量回调,支撑有效"
600420.SH,国药现代,☆缩量洗盘,10.61,0.0943,0.91,连续缩量,0.31,"上升趋势中缩量回调,支撑有效"
002852.SZ,道道全,☆缩量洗盘,11.19,0.0894,0.8,地量+缩量,0.38,"上升趋势中缩量回调,支撑有效"
603328.SH,依顿电子,☆缩量洗盘,11.74,0.0853,0.72,地量+缩量,0.63,"上升趋势中缩量回调,支撑有效"
603080.SH,新疆火炬,☆缩量洗盘,24.81,0.0807,0.71,缩量,0.6,"上升趋势中缩量回调,支撑有效"
603218.SH,日月股份,☆缩量洗盘,14.23,0.0703,0.81,连续缩量+地量+缩量,0.59,"上升趋势中缩量回调,支撑有效"
000404.SZ,长虹华意,☆缩量洗盘,7.03,0.0,0.86,连续缩量+地量+缩量,0.35,"上升趋势中缩量回调,支撑有效"
600120.SH,浙江东方,☆缩量洗盘,6.67,0.0,0.78,连续缩量+地量+缩量,0.43,"上升趋势中缩量回调,支撑有效"
600261.SH,阳光照明,☆缩量洗盘,3.65,0.0,0.68,连续缩量+地量+缩量,0.49,"上升趋势中缩量回调,支撑有效"
600611.SH,大众交通,☆缩量洗盘,5.74,0.0,0.48,连续缩量+地量+缩量,0.32,"上升趋势中缩量回调,支撑有效"
600694.SH,大商股份,☆缩量洗盘,18.48,0.0,0.88,缩量,0.41,"上升趋势中缩量回调,支撑有效"
600755.SH,厦门国贸,☆缩量洗盘,6.9,0.0,0.72,连续缩量+地量+缩量,0.32,"上升趋势中缩量回调,支撑有效"
600784.SH,鲁银投资,☆缩量洗盘,7.17,0.0,0.77,连续缩量+地量+缩量,0.57,"上升趋势中缩量回调,支撑有效"
600816.SH,建元信托,☆缩量洗盘,2.94,0.0,0.81,地量+缩量,0.13,"上升趋势中缩量回调,支撑有效"
002075.SZ,沙钢股份,☆缩量洗盘,5.99,0.0,0.52,连续缩量+地量+缩量,0.32,"上升趋势中缩量回调,支撑有效"
002381.SZ,双箭股份,☆缩量洗盘,7.0,0.0,0.83,连续缩量+地量+缩量,0.6,"上升趋势中缩量回调,支撑有效"
002706.SZ,良信股份,☆缩量洗盘,11.11,0.0,0.75,连续缩量+地量+缩量,0.51,"上升趋势中缩量回调,支撑有效"
601992.SH,金隅集团,☆缩量洗盘,2.02,0.0,0.39,连续缩量+地量+缩量,0.55,"上升趋势中缩量回调,支撑有效"
603318.SH,水发燃气,☆缩量洗盘,7.1,0.0,0.71,连续缩量+地量+缩量,0.54,"上升趋势中缩量回调,支撑有效"
002797.SZ,第一创业,☆缩量洗盘,7.03,0.0,0.83,连续缩量+地量+缩量,0.15,"上升趋势中缩量回调,支撑有效"
603238.SH,诺邦股份,☆缩量洗盘,19.2,0.0,0.96,,0.39,"上升趋势中缩量回调,支撑有效"
603725.SH,天安新材,☆缩量洗盘,10.08,0.0,0.7,地量+缩量,0.38,"上升趋势中缩量回调,支撑有效"
603506.SH,南都物业,☆缩量洗盘,14.16,0.0,0.88,连续缩量+地量+平量+缩量,0.55,"上升趋势中缩量回调,支撑有效"
000581.SZ,威孚高科,☆缩量洗盘,21.59,-0.0463,0.71,连续缩量+地量+缩量,0.51,"上升趋势中缩量回调,支撑有效"
603927.SH,中科软,☆缩量洗盘,20.32,-0.0492,0.94,连续缩量,0.49,"上升趋势中缩量回调,支撑有效"
002077.SZ,大港股份,☆缩量洗盘,17.94,-0.0557,0.76,平量+缩量,0.62,"上升趋势中缩量回调,支撑有效"
603015.SH,弘讯科技,☆缩量洗盘,15.59,-0.0641,0.94,,0.6,"上升趋势中缩量回调,支撑有效"
600885.SH,宏发股份,☆缩量洗盘,31.13,-0.0642,0.89,连续缩量+缩量,0.64,"上升趋势中缩量回调,支撑有效"
601798.SH,蓝科高新,☆缩量洗盘,9.7,-0.103,0.83,地量+缩量,0.42,"上升趋势中缩量回调,支撑有效"
002946.SZ,新乳业,☆缩量洗盘,18.49,-0.108,0.72,连续缩量+地量+缩量,0.6,"上升趋势中缩量回调,支撑有效"
002449.SZ,国星光电,☆缩量洗盘,8.8,-0.1135,1.03,,0.32,"上升趋势中缩量回调,支撑有效"
002605.SZ,姚记科技,☆缩量洗盘,26.3,-0.1139,0.85,缩量,0.45,"上升趋势中缩量回调,支撑有效"
002517.SZ,恺英网络,☆缩量洗盘,24.78,-0.1209,0.65,连续缩量+地量+缩量,0.55,"上升趋势中缩量回调,支撑有效"
601921.SH,浙版传媒,☆缩量洗盘,8.21,-0.1217,0.76,连续缩量+地量+缩量,0.32,"上升趋势中缩量回调,支撑有效"
002649.SZ,博彦科技,☆缩量洗盘,14.22,-0.1404,0.9,连续缩量+地量+缩量,0.45,"上升趋势中缩量回调,支撑有效"
002404.SZ,嘉欣丝绸,☆缩量洗盘,7.1,-0.1406,0.73,地量+缩量,0.46,"上升趋势中缩量回调,支撑有效"
601801.SH,皖新传媒,☆缩量洗盘,6.9,-0.1447,0.88,平量+缩量,0.57,"上升趋势中缩量回调,支撑有效"
600292.SH,电投水电,☆缩量洗盘,13.5,-0.1479,0.92,连续缩量,0.24,"上升趋势中缩量回调,支撑有效"
000715.SZ,中兴商业,☆缩量洗盘,6.39,-0.1563,0.87,缩量,0.6,"上升趋势中缩量回调,支撑有效"
002645.SZ,华宏科技,☆缩量洗盘,16.59,-0.1805,0.85,地量+缩量,0.65,"上升趋势中缩量回调,支撑有效"
601890.SH,亚星锚链,☆缩量洗盘,10.84,-0.1842,0.66,连续缩量+地量+缩量,0.57,"上升趋势中缩量回调,支撑有效"
600563.SH,法拉电子,☆缩量洗盘,114.72,-0.2435,0.84,连续缩量+地量+缩量,0.43,"上升趋势中缩量回调,支撑有效"
603303.SH,得邦照明,☆缩量洗盘,14.62,-0.2729,0.5,连续缩量+地量+缩量,0.52,"上升趋势中缩量回调,支撑有效"
002328.SZ,新朋股份,☆缩量洗盘,7.13,-0.2797,0.74,连续缩量+地量+缩量,0.65,"上升趋势中缩量回调,支撑有效"
000428.SZ,华天酒店,☆缩量洗盘,3.48,-0.2865,0.68,连续缩量+地量+缩量,0.32,"上升趋势中缩量回调,支撑有效"
600825.SH,新华传媒,☆缩量洗盘,6.88,-0.2899,0.67,连续缩量+地量+缩量,0.53,"上升趋势中缩量回调,支撑有效"
600744.SH,华银电力,☆缩量洗盘,6.47,-0.3082,0.57,连续缩量+地量+缩量,0.24,"上升趋势中缩量回调,支撑有效"
000008.SZ,神州高铁,☆缩量洗盘,3.19,-0.3125,0.75,连续缩量+地量+缩量,0.56,"上升趋势中缩量回调,支撑有效"
601108.SH,财通证券,☆缩量洗盘,9.23,-0.324,0.74,连续缩量+缩量,0.65,"上升趋势中缩量回调,支撑有效"
605377.SH,华旺科技,☆缩量洗盘,8.57,-0.3488,0.77,地量+缩量,0.43,"上升趋势中缩量回调,支撑有效"
000839.SZ,国安股份,☆缩量洗盘,2.85,-0.3497,0.45,连续缩量+地量+缩量,0.47,"上升趋势中缩量回调,支撑有效"
600037.SH,歌华有线,☆缩量洗盘,8.0,-0.3736,0.65,连续缩量+地量+缩量,0.33,"上升趋势中缩量回调,支撑有效"
002376.SZ,新北洋,☆缩量洗盘,7.97,-0.375,0.61,连续缩量+地量+缩量,0.49,"上升趋势中缩量回调,支撑有效"
603219.SH,富佳股份,☆缩量洗盘,18.53,-0.3763,0.77,连续缩量+地量+平量+缩量,0.42,"上升趋势中缩量回调,支撑有效"
002763.SZ,汇洁股份,☆缩量洗盘,7.84,-0.3812,0.79,地量+缩量,0.47,"上升趋势中缩量回调,支撑有效"
002783.SZ,凯龙股份,☆缩量洗盘,10.36,-0.3846,0.43,连续缩量+地量+缩量,0.62,"上升趋势中缩量回调,支撑有效"
002884.SZ,凌霄泵业,☆缩量洗盘,17.73,-0.3933,0.76,连续缩量+地量+缩量,0.6,"上升趋势中缩量回调,支撑有效"
002399.SZ,海普瑞,☆缩量洗盘,12.31,-0.4045,0.91,连续缩量,0.38,"上升趋势中缩量回调,支撑有效"
002033.SZ,丽江股份,☆缩量洗盘,9.39,-0.4242,0.79,连续缩量+地量+缩量,0.52,"上升趋势中缩量回调,支撑有效"
000676.SZ,智度股份,☆缩量洗盘,9.37,-0.4251,0.93,连续缩量+平量,0.27,"上升趋势中缩量回调,支撑有效"
000670.SZ,盈方微,☆缩量洗盘,9.08,-0.4386,0.66,连续缩量+缩量,0.48,"上升趋势中缩量回调,支撑有效"
000419.SZ,通程控股,☆缩量洗盘,6.42,-0.4651,0.78,连续缩量+地量+缩量,0.56,"上升趋势中缩量回调,支撑有效"
603950.SH,长源东谷,☆缩量洗盘,31.71,-0.502,0.48,连续缩量+地量+缩量,0.51,"上升趋势中缩量回调,支撑有效"
603759.SH,海天股份,☆缩量洗盘,11.86,-0.5034,0.45,连续缩量+地量+缩量,0.48,"上升趋势中缩量回调,支撑有效"
600805.SH,悦达投资,☆缩量洗盘,5.71,-0.5226,1.01,,0.5,"上升趋势中缩量回调,支撑有效"
600718.SH,东软集团,☆缩量洗盘,11.11,-0.5372,0.81,连续缩量+缩量,0.49,"上升趋势中缩量回调,支撑有效"
603989.SH,艾华集团,☆缩量洗盘,18.48,-0.5382,0.66,连续缩量+地量+缩量,0.57,"上升趋势中缩量回调,支撑有效"
600356.SH,恒丰纸业,☆缩量洗盘,9.15,-0.5435,0.87,连续缩量+地量+缩量,0.35,"上升趋势中缩量回调,支撑有效"
603111.SH,康尼机电,☆缩量洗盘,7.1,-0.5602,0.73,连续缩量+地量+缩量,0.35,"上升趋势中缩量回调,支撑有效"
000938.SZ,紫光股份,☆缩量洗盘,25.73,-0.5796,0.84,连续缩量+地量+缩量,0.22,"上升趋势中缩量回调,支撑有效"
603136.SH,天目湖,☆缩量洗盘,11.85,-0.5872,0.87,连续缩量+地量+缩量,0.28,"上升趋势中缩量回调,支撑有效"
600651.SH,飞乐音响,☆缩量洗盘,8.41,-0.591,0.78,连续缩量+缩量,0.61,"上升趋势中缩量回调,支撑有效"
002065.SZ,东华软件,☆缩量洗盘,9.99,-0.597,0.74,连续缩量+地量+缩量,0.31,"上升趋势中缩量回调,支撑有效"
600150.SH,中国船舶,☆缩量洗盘,34.69,-0.6017,0.94,,0.26,"上升趋势中缩量回调,支撑有效"
002239.SZ,奥特佳,☆缩量洗盘,3.3,-0.6024,0.49,连续缩量+地量+缩量,0.56,"上升趋势中缩量回调,支撑有效"
002439.SZ,启明星辰,☆缩量洗盘,14.77,-0.6057,0.69,连续缩量+地量+缩量,0.31,"上升趋势中缩量回调,支撑有效"
600571.SH,信雅达,☆缩量洗盘,16.37,-0.6072,0.78,连续缩量+地量+缩量,0.3,"上升趋势中缩量回调,支撑有效"
603313.SH,梦百合,☆缩量洗盘,9.82,-0.6073,0.7,缩量,0.65,"上升趋势中缩量回调,支撑有效"
603116.SH,红蜻蜓,☆缩量洗盘,6.39,-0.6221,0.88,连续缩量+地量+平量+缩量,0.61,"上升趋势中缩量回调,支撑有效"
600032.SH,浙江新能,☆缩量洗盘,7.96,-0.6242,0.78,地量+缩量,0.63,"上升趋势中缩量回调,支撑有效"
601016.SH,节能风电,☆缩量洗盘,3.18,-0.625,0.71,连续缩量+缩量,0.53,"上升趋势中缩量回调,支撑有效"
600894.SH,广日股份,☆缩量洗盘,9.47,-0.6296,0.78,连续缩量+地量+缩量,0.25,"上升趋势中缩量回调,支撑有效"
603055.SH,台华新材,☆缩量洗盘,9.31,-0.6403,0.81,连续缩量+地量+缩量,0.44,"上升趋势中缩量回调,支撑有效"
603611.SH,诺力股份,☆缩量洗盘,24.6,-0.6462,0.79,连续缩量+地量+缩量,0.34,"上升趋势中缩量回调,支撑有效"
002941.SZ,新疆交建,☆缩量洗盘,16.88,-0.6474,0.64,连续缩量+缩量,0.51,"上升趋势中缩量回调,支撑有效"
002743.SZ,富煌钢构,☆缩量洗盘,5.75,-0.6908,0.71,连续缩量+地量+缩量,0.58,"上升趋势中缩量回调,支撑有效"
600728.SH,佳都科技,☆缩量洗盘,7.11,-0.6983,0.71,连续缩量+缩量,0.49,"上升趋势中缩量回调,支撑有效"
603233.SH,大参林,☆缩量洗盘,19.8,-0.7021,0.72,连续缩量+缩量,0.64,"上升趋势中缩量回调,支撑有效"
002692.SZ,远程股份,☆缩量洗盘,5.61,-0.708,0.78,连续缩量+地量+缩量,0.42,"上升趋势中缩量回调,支撑有效"
603693.SH,江苏新能,☆缩量洗盘,12.55,-0.712,0.65,地量+缩量,0.37,"上升趋势中缩量回调,支撑有效"
600998.SH,九州通,☆缩量洗盘,5.42,-0.7326,0.5,连续缩量+缩量,0.59,"上升趋势中缩量回调,支撑有效"
002322.SZ,理工能科,☆缩量洗盘,13.28,-0.7474,0.75,连续缩量+地量+缩量,0.62,"上升趋势中缩量回调,支撑有效"
603390.SH,通达电气,☆缩量洗盘,13.26,-0.7485,1.04,,0.54,"上升趋势中缩量回调,支撑有效"
600817.SH,宇通重工,☆缩量洗盘,11.76,-0.7595,0.71,连续缩量+地量+缩量,0.48,"上升趋势中缩量回调,支撑有效"
603200.SH,上海洗霸,☆缩量洗盘,84.85,-0.7718,0.65,连续缩量+缩量,0.48,"上升趋势中缩量回调,支撑有效"
002991.SZ,甘源食品,☆缩量洗盘,60.18,-0.7749,0.87,连续缩量+地量+缩量,0.59,"上升趋势中缩量回调,支撑有效"
603065.SH,宿迁联盛,☆缩量洗盘,8.77,-0.7919,0.9,连续缩量+缩量,0.54,"上升趋势中缩量回调,支撑有效"
603999.SH,读者传媒,☆缩量洗盘,7.35,-0.8097,0.87,连续缩量+地量+缩量,0.46,"上升趋势中缩量回调,支撑有效"
002180.SZ,纳思达,☆缩量洗盘,21.67,-0.8238,0.75,地量+缩量,0.42,"上升趋势中缩量回调,支撑有效"
603896.SH,寿仙谷,☆缩量洗盘,20.33,-0.8293,0.83,缩量,0.31,"上升趋势中缩量回调,支撑有效"
002870.SZ,香山股份,☆缩量洗盘,39.34,-0.8319,0.72,连续缩量+地量+缩量,0.62,"上升趋势中缩量回调,支撑有效"
000045.SZ,深纺织Ａ,☆缩量洗盘,13.08,-0.834,0.45,连续缩量+地量+缩量,0.46,"上升趋势中缩量回调,支撑有效"
603738.SH,泰晶科技,☆缩量洗盘,16.39,-0.8469,0.67,连续缩量+地量+缩量,0.55,"上升趋势中缩量回调,支撑有效"
002799.SZ,环球印务,☆缩量洗盘,9.25,-0.8574,0.59,平量+缩量,0.45,"上升趋势中缩量回调,支撑有效"
002224.SZ,三力士,☆缩量洗盘,4.61,-0.8602,0.77,地量+缩量,0.51,"上升趋势中缩量回调,支撑有效"
002876.SZ,三利谱,☆缩量洗盘,26.49,-0.8608,0.44,连续缩量+地量+缩量,0.58,"上升趋势中缩量回调,支撑有效"
605080.SH,浙江自然,☆缩量洗盘,24.45,-0.8918,0.52,连续缩量+地量+缩量,0.29,"上升趋势中缩量回调,支撑有效"
603150.SH,万朗磁塑,☆缩量洗盘,42.04,-0.8958,0.93,平量,0.65,"上升趋势中缩量回调,支撑有效"
002641.SZ,公元股份,☆缩量洗盘,4.42,-0.8969,0.65,连续缩量+地量+缩量,0.23,"上升趋势中缩量回调,支撑有效"
000888.SZ,峨眉山Ａ,☆缩量洗盘,13.23,-0.8989,0.86,连续缩量+缩量,0.33,"上升趋势中缩量回调,支撑有效"
002103.SZ,广博股份,☆缩量洗盘,9.65,-0.924,0.73,连续缩量+地量+缩量,0.34,"上升趋势中缩量回调,支撑有效"
600738.SH,丽尚国潮,☆缩量洗盘,5.34,-0.9276,0.74,连续缩量+地量+缩量,0.51,"上升趋势中缩量回调,支撑有效"
600379.SH,宝光股份,☆缩量洗盘,12.79,-0.9295,0.78,地量+缩量,0.52,"上升趋势中缩量回调,支撑有效"
603202.SH,天有为,☆缩量洗盘,93.52,-0.9322,0.87,平量+缩量,0.06,"上升趋势中缩量回调,支撑有效"
000957.SZ,中通客车,☆缩量洗盘,11.68,-0.933,0.71,地量+缩量,0.45,"上升趋势中缩量回调,支撑有效"
002531.SZ,天顺风能,☆缩量洗盘,7.38,-0.9396,0.83,缩量,0.4,"上升趋势中缩量回调,支撑有效"
002236.SZ,大华股份,☆缩量洗盘,19.75,-0.9529,0.74,连续缩量+地量+缩量,0.61,"上升趋势中缩量回调,支撑有效"
600415.SH,小商品城,☆缩量洗盘,16.6,-0.9547,0.71,平量+缩量,0.13,"上升趋势中缩量回调,支撑有效"
000950.SZ,重药控股,☆缩量洗盘,6.21,-0.9569,0.63,连续缩量+缩量,0.58,"上升趋势中缩量回调,支撑有效"
603070.SH,万控智造,☆缩量洗盘,14.48,-0.9576,0.58,连续缩量+地量+缩量,0.6,"上升趋势中缩量回调,支撑有效"
002962.SZ,五方光电,☆缩量洗盘,15.44,-0.9622,0.6,连续缩量+地量+缩量,0.57,"上升趋势中缩量回调,支撑有效"
000650.SZ,仁和药业,☆缩量洗盘,6.07,-0.9788,0.8,连续缩量+缩量,0.31,"上升趋势中缩量回调,支撑有效"
001328.SZ,登康口腔,☆缩量洗盘,40.52,-1.0017,0.87,地量+缩量,0.49,"上升趋势中缩量回调,支撑有效"
603035.SH,常熟汽饰,☆缩量洗盘,15.77,-1.0044,0.65,连续缩量+地量+缩量,0.42,"上升趋势中缩量回调,支撑有效"
002912.SZ,中新赛克,☆缩量洗盘,31.8,-1.0271,0.88,连续缩量+地量+缩量,0.58,"上升趋势中缩量回调,支撑有效"
002282.SZ,博深股份,☆缩量洗盘,7.65,-1.0349,0.86,地量+缩量,0.58,"上升趋势中缩量回调,支撑有效"
603956.SH,威派格,☆缩量洗盘,6.69,-1.0355,0.93,连续缩量,0.4,"上升趋势中缩量回调,支撑有效"
601669.SH,中国电建,☆缩量洗盘,5.72,-1.0381,1.01,,0.4,"上升趋势中缩量回调,支撑有效"
002419.SZ,天虹股份,☆缩量洗盘,5.7,-1.0417,0.68,连续缩量+地量+缩量,0.46,"上升趋势中缩量回调,支撑有效"
000565.SZ,渝三峡Ａ,☆缩量洗盘,8.39,-1.0613,0.73,连续缩量+缩量,0.56,"上升趋势中缩量回调,支撑有效"
002553.SZ,南方精工,☆缩量洗盘,28.36,-1.0813,0.45,连续缩量+地量+缩量,0.37,"上升趋势中缩量回调,支撑有效"
603348.SH,文灿股份,☆缩量洗盘,20.97,-1.0849,0.61,连续缩量+地量+缩量,0.4,"上升趋势中缩量回调,支撑有效"
001388.SZ,信通电子,☆缩量洗盘,44.64,-1.0858,0.61,连续缩量+地量+缩量,0.23,"上升趋势中缩量回调,支撑有效"
000541.SZ,佛山照明,☆缩量洗盘,6.36,-1.0886,0.63,连续缩量+地量+缩量,0.31,"上升趋势中缩量回调,支撑有效"
603739.SH,蔚蓝生物,☆缩量洗盘,15.41,-1.0911,0.85,连续缩量+缩量,0.41,"上升趋势中缩量回调,支撑有效"
603985.SH,恒润股份,☆缩量洗盘,16.87,-1.1137,0.74,地量+缩量,0.6,"上升趋势中缩量回调,支撑有效"
000590.SZ,古汉医药,☆缩量洗盘,11.54,-1.114,0.96,连续缩量,0.32,"上升趋势中缩量回调,支撑有效"
002988.SZ,豪美新材,☆缩量洗盘,39.82,-1.1175,0.91,连续缩量,0.25,"上升趋势中缩量回调,支撑有效"
600834.SH,申通地铁,☆缩量洗盘,8.84,-1.1186,0.8,平量+缩量,0.55,"上升趋势中缩量回调,支撑有效"
002437.SZ,誉衡药业,☆缩量洗盘,3.49,-1.1331,0.57,连续缩量+地量+缩量,0.48,"上升趋势中缩量回调,支撑有效"
603338.SH,浙江鼎力,☆缩量洗盘,57.88,-1.1443,0.83,连续缩量+地量+缩量,0.59,"上升趋势中缩量回调,支撑有效"
600822.SH,上海物贸,☆缩量洗盘,11.22,-1.1454,0.53,连续缩量+地量+缩量,0.3,"上升趋势中缩量回调,支撑有效"
601616.SH,广电电气,☆缩量洗盘,5.14,-1.1538,0.47,连续缩量+地量+缩量,0.49,"上升趋势中缩量回调,支撑有效"
600351.SH,亚宝药业,☆缩量洗盘,6.78,-1.1662,0.76,连续缩量+地量+缩量,0.18,"上升趋势中缩量回调,支撑有效"
603020.SH,爱普股份,☆缩量洗盘,10.93,-1.1754,0.75,连续缩量+地量+平量+缩量,0.61,"上升趋势中缩量回调,支撑有效"
002777.SZ,久远银海,☆缩量洗盘,19.97,-1.1875,0.63,连续缩量+地量+缩量,0.42,"上升趋势中缩量回调,支撑有效"
002354.SZ,天娱数科,☆缩量洗盘,7.46,-1.1921,0.99,,0.55,"上升趋势中缩量回调,支撑有效"
600570.SH,恒生电子,☆缩量洗盘,32.27,-1.1941,0.74,连续缩量+地量+缩量,0.34,"上升趋势中缩量回调,支撑有效"
002139.SZ,拓邦股份,☆缩量洗盘,13.83,-1.2143,0.72,连续缩量+地量+缩量,0.29,"上升趋势中缩量回调,支撑有效"
605577.SH,龙版传媒,☆缩量洗盘,13.83,-1.2143,0.81,连续缩量+地量+平量+缩量,0.36,"上升趋势中缩量回调,支撑有效"
603931.SH,格林达,☆缩量洗盘,33.99,-1.2206,0.59,连续缩量+地量+缩量,0.59,"上升趋势中缩量回调,支撑有效"
600088.SH,中视传媒,☆缩量洗盘,17.59,-1.2353,0.84,连续缩量+缩量,0.52,"上升趋势中缩量回调,支撑有效"
603125.SH,常青科技,☆缩量洗盘,18.68,-1.2685,0.64,连续缩量+地量+缩量,0.57,"上升趋势中缩量回调,支撑有效"
002276.SZ,万马股份,☆缩量洗盘,17.05,-1.2739,0.58,连续缩量+地量+缩量,0.35,"上升趋势中缩量回调,支撑有效"
603025.SH,大豪科技,☆缩量洗盘,18.48,-1.2821,0.68,连续缩量+地量+缩量,0.59,"上升趋势中缩量回调,支撑有效"
600038.SH,中直股份,☆缩量洗盘,38.05,-1.297,0.73,地量+缩量,0.51,"上升趋势中缩量回调,支撑有效"
603201.SH,常润股份,☆缩量洗盘,17.4,-1.3046,0.86,连续缩量+地量+缩量,0.27,"上升趋势中缩量回调,支撑有效"
002863.SZ,今飞凯达,☆缩量洗盘,6.01,-1.3136,0.75,连续缩量+地量+缩量,0.59,"上升趋势中缩量回调,支撑有效"
002845.SZ,同兴达,☆缩量洗盘,14.96,-1.3193,0.73,连续缩量+地量+缩量,0.57,"上升趋势中缩量回调,支撑有效"
605186.SH,健麾信息,☆缩量洗盘,21.69,-1.3194,0.75,连续缩量+地量+缩量,0.5,"上升趋势中缩量回调,支撑有效"
002830.SZ,名雕股份,☆缩量洗盘,20.92,-1.3208,0.95,,0.6,"上升趋势中缩量回调,支撑有效"
002823.SZ,凯中精密,☆缩量洗盘,16.37,-1.3261,0.86,缩量,0.41,"上升趋势中缩量回调,支撑有效"
002098.SZ,浔兴股份,☆缩量洗盘,10.31,-1.3397,0.63,连续缩量+地量+缩量,0.51,"上升趋势中缩量回调,支撑有效"
603400.SH,华之杰,☆缩量洗盘,58.9,-1.34,0.62,地量+缩量,0.37,"上升趋势中缩量回调,支撑有效"
002698.SZ,博实股份,☆缩量洗盘,16.83,-1.3482,0.64,连续缩量+地量+缩量,0.49,"上升趋势中缩量回调,支撑有效"
002584.SZ,西陇科学,☆缩量洗盘,9.45,-1.357,0.65,连续缩量+地量+缩量,0.54,"上升趋势中缩量回调,支撑有效"
000917.SZ,电广传媒,☆缩量洗盘,11.42,-1.3817,0.76,连续缩量+地量+缩量,0.57,"上升趋势中缩量回调,支撑有效"
002654.SZ,万润科技,☆缩量洗盘,15.62,-1.3889,0.71,连续缩量+地量+缩量,0.64,"上升趋势中缩量回调,支撑有效"
603418.SH,友升股份,☆缩量洗盘,58.17,-1.3901,0.79,地量+缩量,0.11,"上升趋势中缩量回调,支撑有效"
002334.SZ,英威腾,☆缩量洗盘,9.19,-1.3948,0.74,地量+缩量,0.37,"上升趋势中缩量回调,支撑有效"
603605.SH,珀莱雅,☆缩量洗盘,71.48,-1.4069,0.94,,0.22,"上升趋势中缩量回调,支撑有效"
001308.SZ,康冠科技,☆缩量洗盘,21.69,-1.4091,0.77,连续缩量+缩量,0.26,"上升趋势中缩量回调,支撑有效"
002335.SZ,科华数据,☆缩量洗盘,64.33,-1.41,1.01,,0.62,"上升趋势中缩量回调,支撑有效"
003017.SZ,大洋生物,☆缩量洗盘,32.08,-1.4136,0.71,连续缩量+地量+缩量,0.39,"上升趋势中缩量回调,支撑有效"
600520.SH,三佳科技,☆缩量洗盘,27.66,-1.4255,0.65,连续缩量+地量+缩量,0.41,"上升趋势中缩量回调,支撑有效"
002230.SZ,科大讯飞,☆缩量洗盘,57.32,-1.4273,0.96,连续缩量+平量,0.48,"上升趋势中缩量回调,支撑有效"
002628.SZ,成都路桥,☆缩量洗盘,4.83,-1.4286,0.87,连续缩量+缩量,0.59,"上升趋势中缩量回调,支撑有效"
603102.SH,百合股份,☆缩量洗盘,44.84,-1.4289,0.89,连续缩量+缩量,0.38,"上升趋势中缩量回调,支撑有效"
600458.SH,时代新材,☆缩量洗盘,14.8,-1.4647,0.9,连续缩量+平量+缩量,0.49,"上升趋势中缩量回调,支撑有效"
603325.SH,博隆技术,☆缩量洗盘,82.76,-1.4762,0.71,连续缩量+地量+缩量,0.29,"上升趋势中缩量回调,支撑有效"
002188.SZ,中天服务,☆缩量洗盘,6.65,-1.4815,0.78,连续缩量+地量+缩量,0.48,"上升趋势中缩量回调,支撑有效"
002841.SZ,视源股份,☆缩量洗盘,40.43,-1.4864,0.77,连续缩量+缩量,0.54,"上升趋势中缩量回调,支撑有效"
603408.SH,建霖家居,☆缩量洗盘,13.25,-1.487,0.96,,0.5,"上升趋势中缩量回调,支撑有效"
002652.SZ,扬子新材,☆缩量洗盘,3.97,-1.4888,0.72,连续缩量+地量+缩量,0.43,"上升趋势中缩量回调,支撑有效"
003018.SZ,金富科技,☆缩量洗盘,18.14,-1.5201,0.68,地量+缩量,0.43,"上升趋势中缩量回调,支撑有效"
000967.SZ,盈峰环境,☆缩量洗盘,7.1,-1.5257,0.58,连续缩量+地量+缩量,0.54,"上升趋势中缩量回调,支撑有效"
603877.SH,太平鸟,☆缩量洗盘,16.03,-1.5356,0.73,地量+缩量,0.54,"上升趋势中缩量回调,支撑有效"
002406.SZ,远东传动,☆缩量洗盘,8.27,-1.5476,0.68,连续缩量+地量+缩量,0.56,"上升趋势中缩量回调,支撑有效"
600839.SH,四川长虹,☆缩量洗盘,10.14,-1.5534,0.58,连续缩量+地量+缩量,0.36,"上升趋势中缩量回调,支撑有效"
002712.SZ,思美传媒,☆缩量洗盘,6.33,-1.5552,0.9,缩量,0.47,"上升趋势中缩量回调,支撑有效"
600626.SH,申达股份,☆缩量洗盘,5.01,-1.5717,0.61,连续缩量+地量+缩量,0.59,"上升趋势中缩量回调,支撑有效"
600476.SH,湘邮科技,☆缩量洗盘,16.9,-1.5725,1.01,,0.42,"上升趋势中缩量回调,支撑有效"
603088.SH,宁波精达,☆缩量洗盘,11.26,-1.5734,0.63,连续缩量+地量+缩量,0.57,"上升趋势中缩量回调,支撑有效"
605259.SH,绿田机械,☆缩量洗盘,22.34,-1.5859,0.85,连续缩量+地量+缩量,0.18,"上升趋势中缩量回调,支撑有效"
605162.SH,新中港,☆缩量洗盘,9.25,-1.5957,0.7,连续缩量+地量+缩量,0.43,"上升趋势中缩量回调,支撑有效"
002686.SZ,亿利达,☆缩量洗盘,6.77,-1.5988,0.83,连续缩量+地量+缩量,0.31,"上升趋势中缩量回调,支撑有效"
603205.SH,健尔康,☆缩量洗盘,28.36,-1.6302,0.85,连续缩量+缩量,0.35,"上升趋势中缩量回调,支撑有效"
002396.SZ,星网锐捷,☆缩量洗盘,29.52,-1.6328,0.64,连续缩量+地量+缩量,0.45,"上升趋势中缩量回调,支撑有效"
603118.SH,共进股份,☆缩量洗盘,12.01,-1.638,0.79,地量+缩量,0.34,"上升趋势中缩量回调,支撑有效"
603341.SH,龙旗科技,☆缩量洗盘,47.43,-1.6383,0.68,连续缩量+地量+缩量,0.59,"上升趋势中缩量回调,支撑有效"
001239.SZ,永达股份,☆缩量洗盘,16.7,-1.649,0.76,连续缩量+地量+缩量,0.28,"上升趋势中缩量回调,支撑有效"
002401.SZ,中远海科,☆缩量洗盘,16.63,-1.6558,0.83,地量+缩量,0.21,"上升趋势中缩量回调,支撑有效"
002576.SZ,通达动力,☆缩量洗盘,17.78,-1.6593,0.91,,0.34,"上升趋势中缩量回调,支撑有效"
002537.SZ,海联金汇,☆缩量洗盘,8.87,-1.663,0.87,缩量,0.27,"上升趋势中缩量回调,支撑有效"
600862.SH,中航高科,☆缩量洗盘,25.3,-1.6712,0.71,连续缩量+地量+缩量,0.6,"上升趋势中缩量回调,支撑有效"
002607.SZ,中公教育,☆缩量洗盘,2.93,-1.6779,0.7,地量+缩量,0.52,"上升趋势中缩量回调,支撑有效"
000032.SZ,深桑达Ａ,☆缩量洗盘,21.63,-1.6818,0.97,平量,0.34,"上升趋势中缩量回调,支撑有效"
002801.SZ,微光股份,☆缩量洗盘,36.81,-1.6827,0.8,连续缩量+缩量,0.59,"上升趋势中缩量回调,支撑有效"
603041.SH,美思德,☆缩量洗盘,12.85,-1.6832,0.94,,0.31,"上升趋势中缩量回调,支撑有效"
002559.SZ,亚威股份,☆缩量洗盘,10.48,-1.6886,0.74,连续缩量+地量+缩量,0.42,"上升趋势中缩量回调,支撑有效"
600148.SH,长春一东,☆缩量洗盘,20.78,-1.7029,0.81,地量+缩量,0.4,"上升趋势中缩量回调,支撑有效"
002535.SZ,林州重机,☆缩量洗盘,4.02,-1.7115,0.82,连续缩量+地量+缩量,0.31,"上升趋势中缩量回调,支撑有效"
600587.SH,新华医疗,☆缩量洗盘,16.06,-1.7136,0.92,连续缩量+地量+平量,0.41,"上升趋势中缩量回调,支撑有效"
002410.SZ,广联达,☆缩量洗盘,14.25,-1.7241,0.98,连续缩量,0.53,"上升趋势中缩量回调,支撑有效"
002909.SZ,集泰股份,☆缩量洗盘,7.37,-1.7333,0.7,连续缩量+地量+缩量,0.45,"上升趋势中缩量回调,支撑有效"
002655.SZ,共达电声,☆缩量洗盘,13.03,-1.7345,0.68,连续缩量+地量+缩量,0.42,"上升趋势中缩量回调,支撑有效"
603380.SH,易德龙,☆缩量洗盘,41.35,-1.7348,0.49,连续缩量+地量+缩量,0.46,"上升趋势中缩量回调,支撑有效"
603648.SH,畅联股份,☆缩量洗盘,10.75,-1.7367,0.89,缩量,0.3,"上升趋势中缩量回调,支撑有效"
601877.SH,正泰电器,☆缩量洗盘,30.49,-1.7403,0.8,连续缩量+地量+缩量,0.6,"上升趋势中缩量回调,支撑有效"
002981.SZ,朝阳科技,☆缩量洗盘,29.84,-1.7451,0.86,地量+缩量,0.24,"上升趋势中缩量回调,支撑有效"
002015.SZ,协鑫能科,☆缩量洗盘,10.67,-1.7495,0.62,连续缩量+地量+缩量,0.25,"上升趋势中缩量回调,支撑有效"
605088.SH,冠盛股份,☆缩量洗盘,36.33,-1.7577,0.68,地量+缩量,0.45,"上升趋势中缩量回调,支撑有效"
001367.SZ,海森药业,☆缩量洗盘,24.38,-1.7728,0.74,连续缩量+缩量,0.48,"上升趋势中缩量回调,支撑有效"
002925.SZ,盈趣科技,☆缩量洗盘,20.25,-1.7944,0.72,连续缩量+地量+缩量,0.51,"上升趋势中缩量回调,支撑有效"
003007.SZ,直真科技,☆缩量洗盘,44.29,-1.796,0.78,连续缩量+地量+缩量,0.46,"上升趋势中缩量回调,支撑有效"
002815.SZ,崇达技术,☆缩量洗盘,15.79,-1.8035,0.6,地量+缩量,0.57,"上升趋势中缩量回调,支撑有效"
002722.SZ,物产金轮,☆缩量洗盘,15.77,-1.8057,0.77,连续缩量+地量+缩量,0.2,"上升趋势中缩量回调,支撑有效"
002172.SZ,澳洋健康,☆缩量洗盘,4.32,-1.8182,0.75,连续缩量+地量+缩量,0.33,"上升趋势中缩量回调,支撑有效"
003027.SZ,同兴科技,☆缩量洗盘,22.34,-1.8453,0.71,连续缩量+缩量,0.55,"上升趋势中缩量回调,支撑有效"
000628.SZ,高新发展,☆缩量洗盘,51.55,-1.8469,0.64,地量+缩量,0.46,"上升趋势中缩量回调,支撑有效"
603006.SH,联明股份,☆缩量洗盘,13.76,-1.8545,0.7,连续缩量+地量+缩量,0.29,"上升趋势中缩量回调,支撑有效"
603788.SH,宁波高发,☆缩量洗盘,16.39,-1.8563,0.83,连续缩量+地量+平量+缩量,0.35,"上升趋势中缩量回调,支撑有效"
000058.SZ,深赛格,☆缩量洗盘,9.48,-1.8634,0.69,连续缩量+地量+缩量,0.33,"上升趋势中缩量回调,支撑有效"
001223.SZ,欧克科技,☆缩量洗盘,55.1,-1.87,0.74,连续缩量+缩量,0.59,"上升趋势中缩量回调,支撑有效"
002878.SZ,元隆雅图,☆缩量洗盘,19.86,-1.8775,1.02,平量,0.53,"上升趋势中缩量回调,支撑有效"
002910.SZ,庄园牧场,☆缩量洗盘,11.98,-1.8837,0.74,地量+缩量,0.43,"上升趋势中缩量回调,支撑有效"
001387.SZ,雪祺电气,☆缩量洗盘,14.51,-1.8932,0.68,连续缩量+地量+缩量,0.35,"上升趋势中缩量回调,支撑有效"
603321.SH,梅轮电梯,☆缩量洗盘,8.29,-1.8935,0.83,连续缩量+缩量,0.52,"上升趋势中缩量回调,支撑有效"
002356.SZ,赫美集团,☆缩量洗盘,4.14,-1.8957,0.66,连续缩量+地量+缩量,0.57,"上升趋势中缩量回调,支撑有效"
002609.SZ,捷顺科技,☆缩量洗盘,10.31,-1.9029,0.72,地量+缩量,0.44,"上升趋势中缩量回调,支撑有效"
603305.SH,旭升集团,☆缩量洗盘,18.9,-1.9201,0.59,连续缩量+地量+缩量,0.65,"上升趋势中缩量回调,支撑有效"
002454.SZ,松芝股份,☆缩量洗盘,9.18,-1.9231,0.93,,0.54,"上升趋势中缩量回调,支撑有效"
603520.SH,司太立,☆缩量洗盘,10.68,-1.9284,0.65,连续缩量+地量+缩量,0.42,"上升趋势中缩量回调,支撑有效"
603199.SH,九华旅游,☆缩量洗盘,41.47,-1.939,0.58,连续缩量+地量+平量+缩量,0.62,"上升趋势中缩量回调,支撑有效"
601882.SH,海天精工,☆缩量洗盘,20.18,-1.9436,0.94,连续缩量+平量,0.39,"上升趋势中缩量回调,支撑有效"
002153.SZ,石基信息,☆缩量洗盘,13.09,-1.9476,0.97,,0.52,"上升趋势中缩量回调,支撑有效"
605136.SH,丽人丽妆,☆缩量洗盘,12.08,-1.9481,0.97,,0.58,"上升趋势中缩量回调,支撑有效"
603429.SH,集友股份,☆缩量洗盘,11.57,-1.9492,0.92,平量,0.52,"上升趋势中缩量回调,支撑有效"
603272.SH,联翔股份,☆缩量洗盘,21.11,-1.9508,0.63,连续缩量+地量+缩量,0.59,"上升趋势中缩量回调,支撑有效"
603881.SH,数据港,☆缩量洗盘,36.82,-1.9702,1.01,,0.63,"上升趋势中缩量回调,支撑有效"
603324.SH,盛剑科技,☆缩量洗盘,26.95,-2.0,0.76,连续缩量+地量+缩量,0.65,"上升趋势中缩量回调,支撑有效"
002048.SZ,宁波华翔,☆缩量洗盘,32.5,-2.0199,0.67,连续缩量+地量+缩量,0.62,"上升趋势中缩量回调,支撑有效"
002669.SZ,康达新材,☆缩量洗盘,15.0,-2.0248,0.67,连续缩量+地量+缩量,0.64,"上升趋势中缩量回调,支撑有效"
600586.SH,金晶科技,☆缩量洗盘,6.28,-2.0281,0.55,连续缩量+缩量,0.58,"上升趋势中缩量回调,支撑有效"
603105.SH,芯能科技,☆缩量洗盘,10.13,-2.0309,0.82,缩量,0.61,"上升趋势中缩量回调,支撑有效"
603370.SH,华新精科,☆缩量洗盘,51.25,-2.0451,0.49,连续缩量+地量+平量+缩量,0.22,"上升趋势中缩量回调,支撑有效"
002219.SZ,新里程,☆缩量洗盘,2.39,-2.0492,0.68,连续缩量+地量+缩量,0.33,"上升趋势中缩量回调,支撑有效"
000410.SZ,沈阳机床,☆缩量洗盘,8.02,-2.0757,0.78,连续缩量+缩量,0.57,"上升趋势中缩量回调,支撑有效"
003025.SZ,思进智能,☆缩量洗盘,14.61,-2.0777,0.92,地量,0.52,"上升趋势中缩量回调,支撑有效"
600763.SH,通策医疗,☆缩量洗盘,45.17,-2.0811,0.91,,0.54,"上升趋势中缩量回调,支撑有效"
001336.SZ,楚环科技,☆缩量洗盘,26.34,-2.0818,0.89,地量+缩量,0.51,"上升趋势中缩量回调,支撑有效"
002798.SZ,帝欧水华,☆缩量洗盘,6.58,-2.0833,0.59,连续缩量+地量+缩量,0.52,"上升趋势中缩量回调,支撑有效"
601778.SH,晶科科技,☆缩量洗盘,4.2,-2.0979,0.73,连续缩量+地量+缩量,0.61,"上升趋势中缩量回调,支撑有效"
002932.SZ,明德生物,☆缩量洗盘,19.5,-2.1084,0.93,连续缩量,0.37,"上升趋势中缩量回调,支撑有效"
600676.SH,交运股份,☆缩量洗盘,7.87,-2.1144,0.55,连续缩量+地量+缩量,0.54,"上升趋势中缩量回调,支撑有效"
600152.SH,维科技术,☆缩量洗盘,7.74,-2.1492,0.69,连续缩量+缩量,0.54,"上升趋势中缩量回调,支撑有效"
000028.SZ,国药一致,☆缩量洗盘,26.33,-2.1553,0.8,连续缩量+缩量,0.65,"上升趋势中缩量回调,支撑有效"
002393.SZ,力生制药,☆缩量洗盘,22.21,-2.1586,0.85,连续缩量+缩量,0.36,"上升趋势中缩量回调,支撑有效"
603917.SH,合力科技,☆缩量洗盘,14.93,-2.1625,0.64,连续缩量+地量+缩量,0.52,"上升趋势中缩量回调,支撑有效"
603598.SH,引力传媒,☆缩量洗盘,25.3,-2.1655,1.01,平量,0.52,"上升趋势中缩量回调,支撑有效"
603658.SH,安图生物,☆缩量洗盘,37.36,-2.1733,0.93,连续缩量,0.29,"上升趋势中缩量回调,支撑有效"
002549.SZ,凯美特气,☆缩量洗盘,22.94,-2.1748,0.97,梯量+平量,0.62,"上升趋势中缩量回调,支撑有效"
002591.SZ,恒大高新,☆缩量洗盘,7.57,-2.1964,0.64,连续缩量+地量+缩量,0.54,"上升趋势中缩量回调,支撑有效"
605058.SH,澳弘电子,☆缩量洗盘,31.1,-2.2013,0.82,地量+缩量,0.53,"上升趋势中缩量回调,支撑有效"
603538.SH,美诺华,☆缩量洗盘,21.76,-2.2022,0.58,连续缩量+缩量,0.23,"上升趋势中缩量回调,支撑有效"
603859.SH,能科科技,☆缩量洗盘,48.21,-2.211,0.74,连续缩量+地量+缩量,0.47,"上升趋势中缩量回调,支撑有效"
603004.SH,鼎龙科技,☆缩量洗盘,24.21,-2.2213,0.85,连续缩量+地量+缩量,0.55,"上升趋势中缩量回调,支撑有效"
002397.SZ,梦洁股份,☆缩量洗盘,4.39,-2.2272,0.51,连续缩量+地量+缩量,0.6,"上升趋势中缩量回调,支撑有效"
600654.SH,中安科,☆缩量洗盘,3.95,-2.2277,0.87,平量+缩量,0.59,"上升趋势中缩量回调,支撑有效"
600733.SH,北汽蓝谷,☆缩量洗盘,8.24,-2.2539,0.74,缩量,0.38,"上升趋势中缩量回调,支撑有效"
605319.SH,无锡振华,☆缩量洗盘,24.16,-2.2654,0.95,,0.23,"上升趋势中缩量回调,支撑有效"
603087.SH,甘李药业,☆缩量洗盘,69.7,-2.2715,0.84,缩量,0.44,"上升趋势中缩量回调,支撑有效"
001230.SZ,劲旅环境,☆缩量洗盘,23.2,-2.2746,0.92,,0.33,"上升趋势中缩量回调,支撑有效"
603617.SH,君禾股份,☆缩量洗盘,7.68,-2.2901,0.85,连续缩量+缩量,0.24,"上升趋势中缩量回调,支撑有效"
603095.SH,越剑智能,☆缩量洗盘,18.77,-2.2905,0.74,地量+缩量,0.65,"上升趋势中缩量回调,支撑有效"
605018.SH,长华集团,☆缩量洗盘,11.46,-2.3018,0.93,,0.25,"上升趋势中缩量回调,支撑有效"
603082.SH,北自科技,☆缩量洗盘,37.52,-2.3425,0.8,连续缩量+地量+缩量,0.34,"上升趋势中缩量回调,支撑有效"
600071.SH,凤凰光学,☆缩量洗盘,22.06,-2.3462,0.94,,0.37,"上升趋势中缩量回调,支撑有效"
600671.SH,天目药业,☆缩量洗盘,18.66,-2.3548,0.54,连续缩量+地量+缩量,0.51,"上升趋势中缩量回调,支撑有效"
002044.SZ,美年健康,☆缩量洗盘,7.02,-2.3644,0.59,连续缩量+地量+缩量,0.54,"上升趋势中缩量回调,支撑有效"
001380.SZ,华纬科技,☆缩量洗盘,23.44,-2.374,1.05,平量,0.33,"上升趋势中缩量回调,支撑有效"
002038.SZ,双鹭药业,☆缩量洗盘,7.77,-2.3869,0.73,连续缩量+缩量,0.55,"上升趋势中缩量回调,支撑有效"
002617.SZ,露笑科技,☆缩量洗盘,8.99,-2.3887,0.61,连续缩量+地量+缩量,0.37,"上升趋势中缩量回调,支撑有效"
001211.SZ,双枪科技,☆缩量洗盘,28.52,-2.3956,0.82,地量+缩量,0.53,"上升趋势中缩量回调,支撑有效"
603987.SH,康德莱,☆缩量洗盘,9.22,-2.4339,1.04,,0.47,"上升趋势中缩量回调,支撑有效"
603075.SH,热威股份,☆缩量洗盘,23.56,-2.4431,0.75,连续缩量+缩量,0.41,"上升趋势中缩量回调,支撑有效"
600633.SH,浙数文化,☆缩量洗盘,15.09,-2.4564,0.86,连续缩量+缩量,0.51,"上升趋势中缩量回调,支撑有效"
603888.SH,新华网,☆缩量洗盘,23.7,-2.4691,0.78,连续缩量+地量+缩量,0.4,"上升趋势中缩量回调,支撑有效"
002036.SZ,联创电子,☆缩量洗盘,11.63,-2.5147,0.63,连续缩量+缩量,0.61,"上升趋势中缩量回调,支撑有效"
603270.SH,金帝股份,☆缩量洗盘,27.13,-2.5153,0.86,地量+缩量,0.64,"上升趋势中缩量回调,支撑有效"
002023.SZ,海特高新,☆缩量洗盘,13.93,-2.5192,0.69,连续缩量+地量+缩量,0.62,"上升趋势中缩量回调,支撑有效"
603158.SH,腾龙股份,☆缩量洗盘,10.64,-2.5641,1.04,,0.31,"上升趋势中缩量回调,支撑有效"
605398.SH,新炬网络,☆缩量洗盘,30.81,-2.5925,0.75,连续缩量+地量+缩量,0.33,"上升趋势中缩量回调,支撑有效"
002316.SZ,亚联发展,☆缩量洗盘,5.26,-2.5926,0.77,连续缩量+地量+缩量,0.35,"上升趋势中缩量回调,支撑有效"
603709.SH,中源家居,☆缩量洗盘,17.64,-2.5953,0.58,连续缩量+地量+缩量,0.34,"上升趋势中缩量回调,支撑有效"
603089.SH,正裕工业,☆缩量洗盘,13.87,-2.5983,0.69,连续缩量+地量+缩量,0.28,"上升趋势中缩量回调,支撑有效"
001212.SZ,中旗新材,☆缩量洗盘,52.34,-2.6233,0.84,连续缩量+缩量,0.5,"上升趋势中缩量回调,支撑有效"
000607.SZ,华媒控股,☆缩量洗盘,4.8,-2.6369,0.54,连续缩量+缩量,0.54,"上升趋势中缩量回调,支撑有效"
002579.SZ,中京电子,☆缩量洗盘,12.31,-2.6877,0.46,连续缩量+地量+缩量,0.39,"上升趋势中缩量回调,支撑有效"
603936.SH,博敏电子,☆缩量洗盘,12.63,-2.6965,0.65,地量+缩量,0.49,"上升趋势中缩量回调,支撑有效"
603334.SH,丰倍生物,☆缩量洗盘,48.35,-2.7163,0.93,,0.2,"上升趋势中缩量回调,支撑有效"
603166.SH,福达股份,☆缩量洗盘,17.29,-2.7559,0.77,连续缩量+地量+缩量,0.44,"上升趋势中缩量回调,支撑有效"
002283.SZ,天润工业,☆缩量洗盘,6.93,-2.805,0.5,连续缩量+地量+缩量,0.64,"上升趋势中缩量回调,支撑有效"
000066.SZ,中国长城,☆缩量洗盘,16.6,-2.8103,0.45,连续缩量+地量+缩量,0.49,"上升趋势中缩量回调,支撑有效"
603666.SH,亿嘉和,☆缩量洗盘,32.92,-2.8622,0.8,缩量,0.51,"上升趋势中缩量回调,支撑有效"
603586.SH,金麒麟,☆缩量洗盘,18.97,-2.8674,1.04,连续缩量+平量,0.24,"上升趋势中缩量回调,支撑有效"
603309.SH,维力医疗,☆缩量洗盘,14.2,-2.8728,0.81,连续缩量+地量+缩量,0.54,"上升趋势中缩量回调,支撑有效"
002181.SZ,粤传媒,☆缩量洗盘,10.74,-2.8933,0.62,连续缩量+地量+缩量,0.54,"上升趋势中缩量回调,支撑有效"
600539.SH,狮头股份,☆缩量洗盘,11.0,-2.9126,0.82,地量+缩量,0.24,"上升趋势中缩量回调,支撑有效"
605277.SH,新亚电子,☆缩量洗盘,24.16,-2.9329,0.81,缩量,0.34,"上升趋势中缩量回调,支撑有效"
001330.SZ,博纳影业,☆缩量洗盘,9.21,-2.9505,0.75,连续缩量+地量+缩量,0.52,"上升趋势中缩量回调,支撑有效"
002960.SZ,青鸟消防,☆缩量洗盘,11.13,-2.9643,0.85,地量+缩量,0.29,"上升趋势中缩量回调,支撑有效"
601089.SH,福元医药,☆缩量洗盘,27.96,-2.984,0.92,,0.55,"上升趋势中缩量回调,支撑有效"
605128.SH,上海沿浦,☆缩量洗盘,39.7,-3.0288,0.81,地量+缩量,0.46,"上升趋势中缩量回调,支撑有效"
605198.SH,安德利,☆缩量洗盘,44.6,-3.0435,0.89,连续缩量+缩量,0.53,"上升趋势中缩量回调,支撑有效"
002589.SZ,瑞康医药,☆缩量洗盘,3.5,-3.0471,0.74,连续缩量+缩量,0.38,"上升趋势中缩量回调,支撑有效"
000987.SZ,越秀资本,☆缩量洗盘,10.4,-3.0755,0.57,连续缩量+地量+缩量,0.64,"上升趋势中缩量回调,支撑有效"
603013.SH,亚普股份,☆缩量洗盘,25.43,-3.0869,0.66,连续缩量+地量+缩量,0.53,"上升趋势中缩量回调,支撑有效"
001314.SZ,亿道信息,☆缩量洗盘,48.8,-3.1362,0.91,,0.43,"上升趋势中缩量回调,支撑有效"
002747.SZ,埃斯顿,☆缩量洗盘,24.36,-3.1412,0.87,连续缩量+地量+平量+缩量,0.56,"上升趋势中缩量回调,支撑有效"
002195.SZ,岩山科技,☆缩量洗盘,9.78,-3.1683,0.62,连续缩量+地量+缩量,0.55,"上升趋势中缩量回调,支撑有效"
002315.SZ,焦点科技,☆缩量洗盘,52.08,-3.251,0.95,,0.49,"上升趋势中缩量回调,支撑有效"
603602.SH,纵横通信,☆缩量洗盘,15.39,-3.2684,0.87,连续缩量+地量+平量+缩量,0.4,"上升趋势中缩量回调,支撑有效"
600662.SH,外服控股,☆缩量洗盘,5.99,-3.3871,0.79,地量+缩量,0.53,"上升趋势中缩量回调,支撑有效"
603037.SH,凯众股份,☆缩量洗盘,17.4,-3.4942,0.48,地量+缩量,0.63,"上升趋势中缩量回调,支撑有效"
002864.SZ,盘龙药业,☆缩量洗盘,34.79,-3.4951,0.83,连续缩量+地量+缩量,0.43,"上升趋势中缩量回调,支撑有效"
002857.SZ,三晖电气,☆缩量洗盘,22.83,-3.508,0.74,连续缩量+地量+缩量,0.33,"上升趋势中缩量回调,支撑有效"
001202.SZ,炬申股份,☆缩量洗盘,17.7,-3.5422,0.51,连续缩量+地量+缩量,0.4,"上升趋势中缩量回调,支撑有效"
600477.SH,杭萧钢构,☆缩量洗盘,3.6,-3.7433,0.54,连续缩量+地量+缩量,0.48,"上升趋势中缩量回调,支撑有效"
605089.SH,味知香,☆缩量洗盘,29.66,-3.7638,0.55,连续缩量+地量+缩量,0.56,"上升趋势中缩量回调,支撑有效"
000880.SZ,潍柴重机,☆缩量洗盘,35.22,-3.7705,0.7,连续缩量+缩量,0.3,"上升趋势中缩量回调,支撑有效"
605555.SH,德昌股份,☆缩量洗盘,18.57,-3.7824,0.96,,0.54,"上升趋势中缩量回调,支撑有效"
002664.SZ,信质集团,☆缩量洗盘,25.4,-3.9698,0.71,连续缩量+地量+缩量,0.31,"上升趋势中缩量回调,支撑有效"
001306.SZ,夏厦精密,☆缩量洗盘,85.97,-4.1476,0.84,缩量,0.24,"上升趋势中缩量回调,支撑有效"
603051.SH,鹿山新材,☆缩量洗盘,25.13,-4.1571,0.61,连续缩量+地量+缩量,0.56,"上升趋势中缩量回调,支撑有效"
001221.SZ,悍高集团,☆缩量洗盘,67.33,-4.2792,0.78,连续缩量+地量+缩量,0.3,"上升趋势中缩量回调,支撑有效"
002380.SZ,科远智慧,☆缩量洗盘,29.93,-4.4686,0.91,连续缩量,0.52,"上升趋势中缩量回调,支撑有效"
600774.SH,汉商集团,☆缩量洗盘,10.72,-4.5414,0.7,连续缩量+地量+缩量,0.43,"上升趋势中缩量回调,支撑有效"
603811.SH,诚意药业,☆缩量洗盘,11.85,-4.5894,1.04,连续缩量,0.23,"上升趋势中缩量回调,支撑有效"
603319.SH,美湖股份,☆缩量洗盘,39.27,-4.615,0.96,,0.64,"上升趋势中缩量回调,支撑有效"
600590.SH,泰豪科技,☆缩量洗盘,11.09,-4.8069,0.73,地量+缩量,0.51,"上升趋势中缩量回调,支撑有效"
002950.SZ,奥美医疗,☆缩量洗盘,12.18,-4.8438,0.88,连续缩量+缩量,0.63,"上升趋势中缩量回调,支撑有效"
002767.SZ,先锋电子,☆缩量洗盘,22.88,-4.9044,0.94,,0.61,"上升趋势中缩量回调,支撑有效"
001260.SZ,坤泰股份,☆缩量洗盘,22.11,-4.9441,1.01,连续缩量+平量,0.47,"上升趋势中缩量回调,支撑有效"
600170.SH,上海建工,▲梯量上行,3.18,10.0346,1.52,梯量+高量,0.54,"成交量温和放大,主力推升"
603958.SH,哈森股份,▲梯量上行,15.8,10.0279,1.89,梯量+高量,0.53,"成交量温和放大,主力推升"
002467.SZ,二六三,▲梯量上行,6.89,6.0,1.45,梯量+高量,0.52,"成交量温和放大,主力推升"
605337.SH,李子园,▲梯量上行,13.56,5.8548,2.31,倍量+梯量+高量,0.54,"成交量温和放大,主力推升"
600792.SH,云煤能源,▲梯量上行,4.23,5.2239,1.36,梯量+高量,0.27,"成交量温和放大,主力推升"
000042.SZ,中洲控股,▲梯量上行,8.44,4.9751,1.91,梯量+高量,0.53,"成交量温和放大,主力推升"
600516.SH,方大炭素,▲梯量上行,6.11,4.0886,1.51,梯量+高量,0.57,"成交量温和放大,主力推升"
600475.SH,华光环能,▲梯量上行,22.27,3.6778,1.6,梯量+高量,0.58,"成交量温和放大,主力推升"
600980.SH,北矿科技,▲梯量上行,26.06,3.4538,1.51,梯量+高量,0.52,"成交量温和放大,主力推升"
600423.SH,柳化股份,▲梯量上行,4.05,3.3163,2.88,倍量+梯量+高量,0.51,"成交量温和放大,主力推升"
600758.SH,辽宁能源,▲梯量上行,3.92,3.1579,1.36,梯量+高量,0.28,"成交量温和放大,主力推升"
002286.SZ,保龄宝,▲梯量上行,10.2,3.1345,1.06,梯量,0.42,"成交量温和放大,主力推升"
603757.SH,大元泵业,▲梯量上行,42.29,2.9705,1.5,梯量+高量,0.45,"成交量温和放大,主力推升"
000517.SZ,荣安地产,▲梯量上行,1.82,2.8249,1.31,梯量,0.18,"成交量温和放大,主力推升"
601128.SH,常熟银行,▲梯量上行,7.34,2.2284,1.36,梯量+高量,0.47,"成交量温和放大,主力推升"
000019.SZ,深粮控股,▲梯量上行,7.13,1.8571,1.26,梯量,0.48,"成交量温和放大,主力推升"
601022.SH,宁波远洋,▲梯量上行,10.0,1.833,1.42,梯量,0.41,"成交量温和放大,主力推升"
600171.SH,上海贝岭,▲梯量上行,34.46,1.8322,1.66,梯量+高量,0.43,"成交量温和放大,主力推升"
600648.SH,外高桥,▲梯量上行,10.6,1.0486,1.15,梯量,0.4,"成交量温和放大,主力推升"
600897.SH,厦门空港,▲梯量上行,17.56,0.9776,1.19,梯量,0.41,"成交量温和放大,主力推升"
002966.SZ,苏州银行,▲梯量上行,8.1,0.8717,1.44,梯量+高量,0.25,"成交量温和放大,主力推升"
000563.SZ,陕国投Ａ,▲梯量上行,3.64,0.831,1.15,梯量,0.46,"成交量温和放大,主力推升"
603230.SH,内蒙新华,▲梯量上行,12.68,0.7949,1.36,梯量,0.22,"成交量温和放大,主力推升"
603068.SH,博通集成,▲梯量上行,40.45,0.7723,1.29,梯量,0.37,"成交量温和放大,主力推升"
000519.SZ,中兵红箭,▲梯量上行,19.77,0.6107,1.86,梯量+高量,0.41,"成交量温和放大,主力推升"
002094.SZ,青岛金王,▲梯量上行,8.29,0.6068,1.24,梯量,0.53,"成交量温和放大,主力推升"
603310.SH,巍华新材,▲梯量上行,17.82,0.451,1.11,梯量+平量,0.24,"成交量温和放大,主力推升"
003026.SZ,中晶科技,▲梯量上行,34.74,0.3466,1.23,梯量,0.53,"成交量温和放大,主力推升"
603912.SH,佳力图,▲梯量上行,8.89,0.3386,1.26,梯量+平量,0.25,"成交量温和放大,主力推升"
600012.SH,皖通高速,▲梯量上行,14.14,0.2837,1.11,梯量,0.39,"成交量温和放大,主力推升"
001339.SZ,智微智能,▲梯量上行,57.19,0.0875,1.33,梯量+高量,0.34,"成交量温和放大,主力推升"
003010.SZ,若羽臣,▲梯量上行,38.26,0.0261,1.54,梯量+高量,0.15,"成交量温和放大,主力推升"
600126.SH,杭钢股份,▲梯量上行,9.11,0.0,1.23,梯量+平量,0.39,"成交量温和放大,主力推升"
000818.SZ,航锦科技,▲梯量上行,22.05,-0.7651,1.59,梯量+高量+平量,0.36,"成交量温和放大,主力推升"
